"TIME","GEO","ISCO88","INCGRP","SEX","Value","Flag and Footnotes"
"2019","European Union (EU6-1958, EU9-1973, EU10-1981, EU12-1986, EU15-1995, EU25-2004, EU27-2007, EU28-2013, EU27-2020)","Legislators, senior officials and managers","Total","Males","3.3","e"
"2019","European Union (EU6-1958, EU9-1973, EU10-1981, EU12-1986, EU15-1995, EU25-2004, EU27-2007, EU28-2013, EU27-2020)","Legislators, senior officials and managers","Total","Females","1.8","e"
"2019","European Union (EU6-1958, EU9-1973, EU10-1981, EU12-1986, EU15-1995, EU25-2004, EU27-2007, EU28-2013, EU27-2020)","Professionals","Total","Males","8.0","e"
"2019","European Union (EU6-1958, EU9-1973, EU10-1981, EU12-1986, EU15-1995, EU25-2004, EU27-2007, EU28-2013, EU27-2020)","Professionals","Total","Females","9.4","e"
"2019","European Union (EU6-1958, EU9-1973, EU10-1981, EU12-1986, EU15-1995, EU25-2004, EU27-2007, EU28-2013, EU27-2020)","Technicians and associate professionals","Total","Males","7.2","e"
"2019","European Union (EU6-1958, EU9-1973, EU10-1981, EU12-1986, EU15-1995, EU25-2004, EU27-2007, EU28-2013, EU27-2020)","Technicians and associate professionals","Total","Females","7.9","e"
"2019","European Union (EU6-1958, EU9-1973, EU10-1981, EU12-1986, EU15-1995, EU25-2004, EU27-2007, EU28-2013, EU27-2020)","Clerks","Total","Males","3.2","e"
"2019","European Union (EU6-1958, EU9-1973, EU10-1981, EU12-1986, EU15-1995, EU25-2004, EU27-2007, EU28-2013, EU27-2020)","Clerks","Total","Females","7.2","e"
"2019","European Union (EU6-1958, EU9-1973, EU10-1981, EU12-1986, EU15-1995, EU25-2004, EU27-2007, EU28-2013, EU27-2020)","Service workers and shop and market sales workers","Total","Males","5.4","e"
"2019","European Union (EU6-1958, EU9-1973, EU10-1981, EU12-1986, EU15-1995, EU25-2004, EU27-2007, EU28-2013, EU27-2020)","Service workers and shop and market sales workers","Total","Females","11.4","e"
"2019","European Union (EU6-1958, EU9-1973, EU10-1981, EU12-1986, EU15-1995, EU25-2004, EU27-2007, EU28-2013, EU27-2020)","Skilled agricultural and fishery workers","Total","Males","2.2","e"
"2019","European Union (EU6-1958, EU9-1973, EU10-1981, EU12-1986, EU15-1995, EU25-2004, EU27-2007, EU28-2013, EU27-2020)","Skilled agricultural and fishery workers","Total","Females","1.7","e"
"2019","European Union (EU6-1958, EU9-1973, EU10-1981, EU12-1986, EU15-1995, EU25-2004, EU27-2007, EU28-2013, EU27-2020)","Craft and related trades workers","Total","Males","9.8","e"
"2019","European Union (EU6-1958, EU9-1973, EU10-1981, EU12-1986, EU15-1995, EU25-2004, EU27-2007, EU28-2013, EU27-2020)","Craft and related trades workers","Total","Females","2.2","e"
"2019","European Union (EU6-1958, EU9-1973, EU10-1981, EU12-1986, EU15-1995, EU25-2004, EU27-2007, EU28-2013, EU27-2020)","Plant and machine operators and assemblers","Total","Males","6.1","e"
"2019","European Union (EU6-1958, EU9-1973, EU10-1981, EU12-1986, EU15-1995, EU25-2004, EU27-2007, EU28-2013, EU27-2020)","Plant and machine operators and assemblers","Total","Females","2.6","e"
"2019","European Union (EU6-1958, EU9-1973, EU10-1981, EU12-1986, EU15-1995, EU25-2004, EU27-2007, EU28-2013, EU27-2020)","Elementary occupations","Total","Males","4.2","e"
"2019","European Union (EU6-1958, EU9-1973, EU10-1981, EU12-1986, EU15-1995, EU25-2004, EU27-2007, EU28-2013, EU27-2020)","Elementary occupations","Total","Females","6.2","e"
"2019","European Union (EU6-1958, EU9-1973, EU10-1981, EU12-1986, EU15-1995, EU25-2004, EU27-2007, EU28-2013, EU27-2020)","Armed forces","Total","Males","0.4","e"
"2019","European Union (EU6-1958, EU9-1973, EU10-1981, EU12-1986, EU15-1995, EU25-2004, EU27-2007, EU28-2013, EU27-2020)","Armed forces","Total","Females","0.1","e"
"2019","European Union - 27 countries (from 2020)","Legislators, senior officials and managers","Total","Males","2.9","e"
"2019","European Union - 27 countries (from 2020)","Legislators, senior officials and managers","Total","Females","1.5","e"
"2019","European Union - 27 countries (from 2020)","Professionals","Total","Males","7.5","e"
"2019","European Union - 27 countries (from 2020)","Professionals","Total","Females","9.1","e"
"2019","European Union - 27 countries (from 2020)","Technicians and associate professionals","Total","Males","7.5","e"
"2019","European Union - 27 countries (from 2020)","Technicians and associate professionals","Total","Females","8.1","e"
"2019","European Union - 27 countries (from 2020)","Clerks","Total","Males","3.2","e"
"2019","European Union - 27 countries (from 2020)","Clerks","Total","Females","7.1","e"
"2019","European Union - 27 countries (from 2020)","Service workers and shop and market sales workers","Total","Males","5.4","e"
"2019","European Union - 27 countries (from 2020)","Service workers and shop and market sales workers","Total","Females","11.1","e"
"2019","European Union - 27 countries (from 2020)","Skilled agricultural and fishery workers","Total","Males","2.3","e"
"2019","European Union - 27 countries (from 2020)","Skilled agricultural and fishery workers","Total","Females","1.9","e"
"2019","European Union - 27 countries (from 2020)","Craft and related trades workers","Total","Males","10.0","e"
"2019","European Union - 27 countries (from 2020)","Craft and related trades workers","Total","Females","2.4","e"
"2019","European Union - 27 countries (from 2020)","Plant and machine operators and assemblers","Total","Males","6.4","e"
"2019","European Union - 27 countries (from 2020)","Plant and machine operators and assemblers","Total","Females","2.8","e"
"2019","European Union - 27 countries (from 2020)","Elementary occupations","Total","Males","4.1","e"
"2019","European Union - 27 countries (from 2020)","Elementary occupations","Total","Females","6.3","e"
"2019","European Union - 27 countries (from 2020)","Armed forces","Total","Males","0.5","e"
"2019","European Union - 27 countries (from 2020)","Armed forces","Total","Females","0.1","e"
"2019","European Union - 28 countries (2013-2020)","Legislators, senior officials and managers","Total","Males","3.3","e"
"2019","European Union - 28 countries (2013-2020)","Legislators, senior officials and managers","Total","Females","1.8","e"
"2019","European Union - 28 countries (2013-2020)","Professionals","Total","Males","8.0","e"
"2019","European Union - 28 countries (2013-2020)","Professionals","Total","Females","9.4","e"
"2019","European Union - 28 countries (2013-2020)","Technicians and associate professionals","Total","Males","7.2","e"
"2019","European Union - 28 countries (2013-2020)","Technicians and associate professionals","Total","Females","7.9","e"
"2019","European Union - 28 countries (2013-2020)","Clerks","Total","Males","3.2","e"
"2019","European Union - 28 countries (2013-2020)","Clerks","Total","Females","7.2","e"
"2019","European Union - 28 countries (2013-2020)","Service workers and shop and market sales workers","Total","Males","5.4","e"
"2019","European Union - 28 countries (2013-2020)","Service workers and shop and market sales workers","Total","Females","11.4","e"
"2019","European Union - 28 countries (2013-2020)","Skilled agricultural and fishery workers","Total","Males","2.2","e"
"2019","European Union - 28 countries (2013-2020)","Skilled agricultural and fishery workers","Total","Females","1.7","e"
"2019","European Union - 28 countries (2013-2020)","Craft and related trades workers","Total","Males","9.8","e"
"2019","European Union - 28 countries (2013-2020)","Craft and related trades workers","Total","Females","2.2","e"
"2019","European Union - 28 countries (2013-2020)","Plant and machine operators and assemblers","Total","Males","6.1","e"
"2019","European Union - 28 countries (2013-2020)","Plant and machine operators and assemblers","Total","Females","2.6","e"
"2019","European Union - 28 countries (2013-2020)","Elementary occupations","Total","Males","4.2","e"
"2019","European Union - 28 countries (2013-2020)","Elementary occupations","Total","Females","6.2","e"
"2019","European Union - 28 countries (2013-2020)","Armed forces","Total","Males","0.4","e"
"2019","European Union - 28 countries (2013-2020)","Armed forces","Total","Females","0.1","e"
"2019","European Union - 27 countries (2007-2013)","Legislators, senior officials and managers","Total","Males",":",""
"2019","European Union - 27 countries (2007-2013)","Legislators, senior officials and managers","Total","Females",":",""
"2019","European Union - 27 countries (2007-2013)","Professionals","Total","Males",":",""
"2019","European Union - 27 countries (2007-2013)","Professionals","Total","Females",":",""
"2019","European Union - 27 countries (2007-2013)","Technicians and associate professionals","Total","Males",":",""
"2019","European Union - 27 countries (2007-2013)","Technicians and associate professionals","Total","Females",":",""
"2019","European Union - 27 countries (2007-2013)","Clerks","Total","Males",":",""
"2019","European Union - 27 countries (2007-2013)","Clerks","Total","Females",":",""
"2019","European Union - 27 countries (2007-2013)","Service workers and shop and market sales workers","Total","Males",":",""
"2019","European Union - 27 countries (2007-2013)","Service workers and shop and market sales workers","Total","Females",":",""
"2019","European Union - 27 countries (2007-2013)","Skilled agricultural and fishery workers","Total","Males",":",""
"2019","European Union - 27 countries (2007-2013)","Skilled agricultural and fishery workers","Total","Females",":",""
"2019","European Union - 27 countries (2007-2013)","Craft and related trades workers","Total","Males",":",""
"2019","European Union - 27 countries (2007-2013)","Craft and related trades workers","Total","Females",":",""
"2019","European Union - 27 countries (2007-2013)","Plant and machine operators and assemblers","Total","Males",":",""
"2019","European Union - 27 countries (2007-2013)","Plant and machine operators and assemblers","Total","Females",":",""
"2019","European Union - 27 countries (2007-2013)","Elementary occupations","Total","Males",":",""
"2019","European Union - 27 countries (2007-2013)","Elementary occupations","Total","Females",":",""
"2019","European Union - 27 countries (2007-2013)","Armed forces","Total","Males",":",""
"2019","European Union - 27 countries (2007-2013)","Armed forces","Total","Females",":",""
"2019","Euro area (EA11-1999, EA12-2001, EA13-2007, EA15-2008, EA16-2009, EA17-2011, EA18-2014, EA19-2015)","Legislators, senior officials and managers","Total","Males","3.0","e"
"2019","Euro area (EA11-1999, EA12-2001, EA13-2007, EA15-2008, EA16-2009, EA17-2011, EA18-2014, EA19-2015)","Legislators, senior officials and managers","Total","Females","1.4","e"
"2019","Euro area (EA11-1999, EA12-2001, EA13-2007, EA15-2008, EA16-2009, EA17-2011, EA18-2014, EA19-2015)","Professionals","Total","Males","7.8","e"
"2019","Euro area (EA11-1999, EA12-2001, EA13-2007, EA15-2008, EA16-2009, EA17-2011, EA18-2014, EA19-2015)","Professionals","Total","Females","8.8","e"
"2019","Euro area (EA11-1999, EA12-2001, EA13-2007, EA15-2008, EA16-2009, EA17-2011, EA18-2014, EA19-2015)","Technicians and associate professionals","Total","Males","8.1","e"
"2019","Euro area (EA11-1999, EA12-2001, EA13-2007, EA15-2008, EA16-2009, EA17-2011, EA18-2014, EA19-2015)","Technicians and associate professionals","Total","Females","8.7","e"
"2019","Euro area (EA11-1999, EA12-2001, EA13-2007, EA15-2008, EA16-2009, EA17-2011, EA18-2014, EA19-2015)","Clerks","Total","Males","3.6","e"
"2019","Euro area (EA11-1999, EA12-2001, EA13-2007, EA15-2008, EA16-2009, EA17-2011, EA18-2014, EA19-2015)","Clerks","Total","Females","7.6","e"
"2019","Euro area (EA11-1999, EA12-2001, EA13-2007, EA15-2008, EA16-2009, EA17-2011, EA18-2014, EA19-2015)","Service workers and shop and market sales workers","Total","Males","5.6","e"
"2019","Euro area (EA11-1999, EA12-2001, EA13-2007, EA15-2008, EA16-2009, EA17-2011, EA18-2014, EA19-2015)","Service workers and shop and market sales workers","Total","Females","11.1","e"
"2019","Euro area (EA11-1999, EA12-2001, EA13-2007, EA15-2008, EA16-2009, EA17-2011, EA18-2014, EA19-2015)","Skilled agricultural and fishery workers","Total","Males","1.9","e"
"2019","Euro area (EA11-1999, EA12-2001, EA13-2007, EA15-2008, EA16-2009, EA17-2011, EA18-2014, EA19-2015)","Skilled agricultural and fishery workers","Total","Females","1.2","e"
"2019","Euro area (EA11-1999, EA12-2001, EA13-2007, EA15-2008, EA16-2009, EA17-2011, EA18-2014, EA19-2015)","Craft and related trades workers","Total","Males","9.5","e"
"2019","Euro area (EA11-1999, EA12-2001, EA13-2007, EA15-2008, EA16-2009, EA17-2011, EA18-2014, EA19-2015)","Craft and related trades workers","Total","Females","2.0","e"
"2019","Euro area (EA11-1999, EA12-2001, EA13-2007, EA15-2008, EA16-2009, EA17-2011, EA18-2014, EA19-2015)","Plant and machine operators and assemblers","Total","Males","6.0","e"
"2019","Euro area (EA11-1999, EA12-2001, EA13-2007, EA15-2008, EA16-2009, EA17-2011, EA18-2014, EA19-2015)","Plant and machine operators and assemblers","Total","Females","2.8","e"
"2019","Euro area (EA11-1999, EA12-2001, EA13-2007, EA15-2008, EA16-2009, EA17-2011, EA18-2014, EA19-2015)","Elementary occupations","Total","Males","4.2","e"
"2019","Euro area (EA11-1999, EA12-2001, EA13-2007, EA15-2008, EA16-2009, EA17-2011, EA18-2014, EA19-2015)","Elementary occupations","Total","Females","6.3","e"
"2019","Euro area (EA11-1999, EA12-2001, EA13-2007, EA15-2008, EA16-2009, EA17-2011, EA18-2014, EA19-2015)","Armed forces","Total","Males","0.5","e"
"2019","Euro area (EA11-1999, EA12-2001, EA13-2007, EA15-2008, EA16-2009, EA17-2011, EA18-2014, EA19-2015)","Armed forces","Total","Females","0.1","e"
"2019","Euro area - 19 countries  (from 2015)","Legislators, senior officials and managers","Total","Males","3.0",""
"2019","Euro area - 19 countries  (from 2015)","Legislators, senior officials and managers","Total","Females","1.4",""
"2019","Euro area - 19 countries  (from 2015)","Professionals","Total","Males","7.8",""
"2019","Euro area - 19 countries  (from 2015)","Professionals","Total","Females","8.8",""
"2019","Euro area - 19 countries  (from 2015)","Technicians and associate professionals","Total","Males","8.1",""
"2019","Euro area - 19 countries  (from 2015)","Technicians and associate professionals","Total","Females","8.7",""
"2019","Euro area - 19 countries  (from 2015)","Clerks","Total","Males","3.6",""
"2019","Euro area - 19 countries  (from 2015)","Clerks","Total","Females","7.6",""
"2019","Euro area - 19 countries  (from 2015)","Service workers and shop and market sales workers","Total","Males","5.6",""
"2019","Euro area - 19 countries  (from 2015)","Service workers and shop and market sales workers","Total","Females","11.1",""
"2019","Euro area - 19 countries  (from 2015)","Skilled agricultural and fishery workers","Total","Males","1.9",""
"2019","Euro area - 19 countries  (from 2015)","Skilled agricultural and fishery workers","Total","Females","1.2",""
"2019","Euro area - 19 countries  (from 2015)","Craft and related trades workers","Total","Males","9.5",""
"2019","Euro area - 19 countries  (from 2015)","Craft and related trades workers","Total","Females","2.0",""
"2019","Euro area - 19 countries  (from 2015)","Plant and machine operators and assemblers","Total","Males","6.0",""
"2019","Euro area - 19 countries  (from 2015)","Plant and machine operators and assemblers","Total","Females","2.8",""
"2019","Euro area - 19 countries  (from 2015)","Elementary occupations","Total","Males","4.2",""
"2019","Euro area - 19 countries  (from 2015)","Elementary occupations","Total","Females","6.3",""
"2019","Euro area - 19 countries  (from 2015)","Armed forces","Total","Males","0.5",""
"2019","Euro area - 19 countries  (from 2015)","Armed forces","Total","Females","0.1",""
"2019","Euro area - 18 countries (2014)","Legislators, senior officials and managers","Total","Males","3.0",""
"2019","Euro area - 18 countries (2014)","Legislators, senior officials and managers","Total","Females","1.4",""
"2019","Euro area - 18 countries (2014)","Professionals","Total","Males","7.9",""
"2019","Euro area - 18 countries (2014)","Professionals","Total","Females","8.7",""
"2019","Euro area - 18 countries (2014)","Technicians and associate professionals","Total","Males","8.1",""
"2019","Euro area - 18 countries (2014)","Technicians and associate professionals","Total","Females","8.7",""
"2019","Euro area - 18 countries (2014)","Clerks","Total","Males","3.6",""
"2019","Euro area - 18 countries (2014)","Clerks","Total","Females","7.6",""
"2019","Euro area - 18 countries (2014)","Service workers and shop and market sales workers","Total","Males","5.7",""
"2019","Euro area - 18 countries (2014)","Service workers and shop and market sales workers","Total","Females","11.1",""
"2019","Euro area - 18 countries (2014)","Skilled agricultural and fishery workers","Total","Males","1.9",""
"2019","Euro area - 18 countries (2014)","Skilled agricultural and fishery workers","Total","Females","1.2",""
"2019","Euro area - 18 countries (2014)","Craft and related trades workers","Total","Males","9.5",""
"2019","Euro area - 18 countries (2014)","Craft and related trades workers","Total","Females","2.0",""
"2019","Euro area - 18 countries (2014)","Plant and machine operators and assemblers","Total","Males","5.9",""
"2019","Euro area - 18 countries (2014)","Plant and machine operators and assemblers","Total","Females","2.8",""
"2019","Euro area - 18 countries (2014)","Elementary occupations","Total","Males","4.1",""
"2019","Euro area - 18 countries (2014)","Elementary occupations","Total","Females","6.3",""
"2019","Euro area - 18 countries (2014)","Armed forces","Total","Males","0.5",""
"2019","Euro area - 18 countries (2014)","Armed forces","Total","Females","0.1",""
"2019","Belgium","Legislators, senior officials and managers","Total","Males","3.3","b"
"2019","Belgium","Legislators, senior officials and managers","Total","Females","1.9","b"
"2019","Belgium","Professionals","Total","Males","11.2","b"
"2019","Belgium","Professionals","Total","Females","11.7","b"
"2019","Belgium","Technicians and associate professionals","Total","Males","7.3","b"
"2019","Belgium","Technicians and associate professionals","Total","Females","7.3","b"
"2019","Belgium","Clerks","Total","Males","5.5","b"
"2019","Belgium","Clerks","Total","Females","7.9","b"
"2019","Belgium","Service workers and shop and market sales workers","Total","Males","3.8","b"
"2019","Belgium","Service workers and shop and market sales workers","Total","Females","9.3","b"
"2019","Belgium","Skilled agricultural and fishery workers","Total","Males","1.3","b"
"2019","Belgium","Skilled agricultural and fishery workers","Total","Females","0.3","b"
"2019","Belgium","Craft and related trades workers","Total","Males","9.2","b"
"2019","Belgium","Craft and related trades workers","Total","Females","1.1","b"
"2019","Belgium","Plant and machine operators and assemblers","Total","Males","5.8","b"
"2019","Belgium","Plant and machine operators and assemblers","Total","Females","2.1","b"
"2019","Belgium","Elementary occupations","Total","Males","3.0","b"
"2019","Belgium","Elementary occupations","Total","Females","7.3","b"
"2019","Belgium","Armed forces","Total","Males","0.7","b"
"2019","Belgium","Armed forces","Total","Females","0.1","b"
"2019","Bulgaria","Legislators, senior officials and managers","Total","Males","3.1",""
"2019","Bulgaria","Legislators, senior officials and managers","Total","Females","1.8",""
"2019","Bulgaria","Professionals","Total","Males","4.4",""
"2019","Bulgaria","Professionals","Total","Females","9.9",""
"2019","Bulgaria","Technicians and associate professionals","Total","Males","4.0",""
"2019","Bulgaria","Technicians and associate professionals","Total","Females","4.0",""
"2019","Bulgaria","Clerks","Total","Males","1.3",""
"2019","Bulgaria","Clerks","Total","Females","5.3",""
"2019","Bulgaria","Service workers and shop and market sales workers","Total","Males","6.5",""
"2019","Bulgaria","Service workers and shop and market sales workers","Total","Females","12.4",""
"2019","Bulgaria","Skilled agricultural and fishery workers","Total","Males","2.0",""
"2019","Bulgaria","Skilled agricultural and fishery workers","Total","Females","2.4",""
"2019","Bulgaria","Craft and related trades workers","Total","Males","10.3",""
"2019","Bulgaria","Craft and related trades workers","Total","Females","4.7",""
"2019","Bulgaria","Plant and machine operators and assemblers","Total","Males","9.0",""
"2019","Bulgaria","Plant and machine operators and assemblers","Total","Females","3.3",""
"2019","Bulgaria","Elementary occupations","Total","Males","7.3",""
"2019","Bulgaria","Elementary occupations","Total","Females","7.8",""
"2019","Bulgaria","Armed forces","Total","Males","0.6",""
"2019","Bulgaria","Armed forces","Total","Females","0.1",""
"2019","Czechia","Legislators, senior officials and managers","Total","Males","2.9",""
"2019","Czechia","Legislators, senior officials and managers","Total","Females","1.3",""
"2019","Czechia","Professionals","Total","Males","6.0",""
"2019","Czechia","Professionals","Total","Females","9.1",""
"2019","Czechia","Technicians and associate professionals","Total","Males","7.7",""
"2019","Czechia","Technicians and associate professionals","Total","Females","7.2",""
"2019","Czechia","Clerks","Total","Males","1.9",""
"2019","Czechia","Clerks","Total","Females","8.8",""
"2019","Czechia","Service workers and shop and market sales workers","Total","Males","4.2",""
"2019","Czechia","Service workers and shop and market sales workers","Total","Females","10.7",""
"2019","Czechia","Skilled agricultural and fishery workers","Total","Males","0.8",""
"2019","Czechia","Skilled agricultural and fishery workers","Total","Females","0.9",""
"2019","Czechia","Craft and related trades workers","Total","Males","13.2",""
"2019","Czechia","Craft and related trades workers","Total","Females","2.9",""
"2019","Czechia","Plant and machine operators and assemblers","Total","Males","9.0",""
"2019","Czechia","Plant and machine operators and assemblers","Total","Females","4.3",""
"2019","Czechia","Elementary occupations","Total","Males","2.6",""
"2019","Czechia","Elementary occupations","Total","Females","6.3",""
"2019","Czechia","Armed forces","Total","Males","0.3",""
"2019","Czechia","Armed forces","Total","Females","0.0","n"
"2019","Denmark","Legislators, senior officials and managers","Total","Males","3.6",""
"2019","Denmark","Legislators, senior officials and managers","Total","Females","1.2",""
"2019","Denmark","Professionals","Total","Males","11.8",""
"2019","Denmark","Professionals","Total","Females","16.1",""
"2019","Denmark","Technicians and associate professionals","Total","Males","6.2",""
"2019","Denmark","Technicians and associate professionals","Total","Females","7.1",""
"2019","Denmark","Clerks","Total","Males","2.8",""
"2019","Denmark","Clerks","Total","Females","7.8",""
"2019","Denmark","Service workers and shop and market sales workers","Total","Males","6.1",""
"2019","Denmark","Service workers and shop and market sales workers","Total","Females","11.7",""
"2019","Denmark","Skilled agricultural and fishery workers","Total","Males","1.6",""
"2019","Denmark","Skilled agricultural and fishery workers","Total","Females","0.6",""
"2019","Denmark","Craft and related trades workers","Total","Males","8.2",""
"2019","Denmark","Craft and related trades workers","Total","Females","0.5",""
"2019","Denmark","Plant and machine operators and assemblers","Total","Males","4.3",""
"2019","Denmark","Plant and machine operators and assemblers","Total","Females","1.2",""
"2019","Denmark","Elementary occupations","Total","Males","4.4",""
"2019","Denmark","Elementary occupations","Total","Females","4.4",""
"2019","Denmark","Armed forces","Total","Males","0.6",""
"2019","Denmark","Armed forces","Total","Females","0.0","n"
"2019","Germany (until 1990 former territory of the FRG)","Legislators, senior officials and managers","Total","Males","3.1",""
"2019","Germany (until 1990 former territory of the FRG)","Legislators, senior officials and managers","Total","Females","1.2",""
"2019","Germany (until 1990 former territory of the FRG)","Professionals","Total","Males","9.0",""
"2019","Germany (until 1990 former territory of the FRG)","Professionals","Total","Females","7.7",""
"2019","Germany (until 1990 former territory of the FRG)","Technicians and associate professionals","Total","Males","10.4",""
"2019","Germany (until 1990 former territory of the FRG)","Technicians and associate professionals","Total","Females","13.8",""
"2019","Germany (until 1990 former territory of the FRG)","Clerks","Total","Males","4.7",""
"2019","Germany (until 1990 former territory of the FRG)","Clerks","Total","Females","9.7",""
"2019","Germany (until 1990 former territory of the FRG)","Service workers and shop and market sales workers","Total","Males","4.7",""
"2019","Germany (until 1990 former territory of the FRG)","Service workers and shop and market sales workers","Total","Females","9.8",""
"2019","Germany (until 1990 former territory of the FRG)","Skilled agricultural and fishery workers","Total","Males","0.8",""
"2019","Germany (until 1990 former territory of the FRG)","Skilled agricultural and fishery workers","Total","Females","0.3",""
"2019","Germany (until 1990 former territory of the FRG)","Craft and related trades workers","Total","Males","9.0",""
"2019","Germany (until 1990 former territory of the FRG)","Craft and related trades workers","Total","Females","1.0",""
"2019","Germany (until 1990 former territory of the FRG)","Plant and machine operators and assemblers","Total","Males","5.4",""
"2019","Germany (until 1990 former territory of the FRG)","Plant and machine operators and assemblers","Total","Females","4.1",""
"2019","Germany (until 1990 former territory of the FRG)","Elementary occupations","Total","Males","2.6",""
"2019","Germany (until 1990 former territory of the FRG)","Elementary occupations","Total","Females","2.8",""
"2019","Germany (until 1990 former territory of the FRG)","Armed forces","Total","Males","0.0",""
"2019","Germany (until 1990 former territory of the FRG)","Armed forces","Total","Females","0.0",""
"2019","Estonia","Legislators, senior officials and managers","Total","Males","5.1",""
"2019","Estonia","Legislators, senior officials and managers","Total","Females","4.3",""
"2019","Estonia","Professionals","Total","Males","6.3",""
"2019","Estonia","Professionals","Total","Females","13.1",""
"2019","Estonia","Technicians and associate professionals","Total","Males","5.4",""
"2019","Estonia","Technicians and associate professionals","Total","Females","7.9",""
"2019","Estonia","Clerks","Total","Males","1.9",""
"2019","Estonia","Clerks","Total","Females","4.3",""
"2019","Estonia","Service workers and shop and market sales workers","Total","Males","2.8",""
"2019","Estonia","Service workers and shop and market sales workers","Total","Females","10.5",""
"2019","Estonia","Skilled agricultural and fishery workers","Total","Males","0.9",""
"2019","Estonia","Skilled agricultural and fishery workers","Total","Females","0.9",""
"2019","Estonia","Craft and related trades workers","Total","Males","10.9",""
"2019","Estonia","Craft and related trades workers","Total","Females","1.8",""
"2019","Estonia","Plant and machine operators and assemblers","Total","Males","8.4",""
"2019","Estonia","Plant and machine operators and assemblers","Total","Females","3.8",""
"2019","Estonia","Elementary occupations","Total","Males","3.9",""
"2019","Estonia","Elementary occupations","Total","Females","7.7",""
"2019","Estonia","Armed forces","Total","Males","0.2",""
"2019","Estonia","Armed forces","Total","Females","0.0","n"
"2019","Ireland","Legislators, senior officials and managers","Total","Males","4.2",""
"2019","Ireland","Legislators, senior officials and managers","Total","Females","2.7",""
"2019","Ireland","Professionals","Total","Males","9.6",""
"2019","Ireland","Professionals","Total","Females","12.0",""
"2019","Ireland","Technicians and associate professionals","Total","Males","4.8",""
"2019","Ireland","Technicians and associate professionals","Total","Females","5.2",""
"2019","Ireland","Clerks","Total","Males","1.7",""
"2019","Ireland","Clerks","Total","Females","7.7",""
"2019","Ireland","Service workers and shop and market sales workers","Total","Males","6.8",""
"2019","Ireland","Service workers and shop and market sales workers","Total","Females","14.4",""
"2019","Ireland","Skilled agricultural and fishery workers","Total","Males","3.3",""
"2019","Ireland","Skilled agricultural and fishery workers","Total","Females","0.6",""
"2019","Ireland","Craft and related trades workers","Total","Males","8.1",""
"2019","Ireland","Craft and related trades workers","Total","Females","1.4",""
"2019","Ireland","Plant and machine operators and assemblers","Total","Males","4.6",""
"2019","Ireland","Plant and machine operators and assemblers","Total","Females","1.5",""
"2019","Ireland","Elementary occupations","Total","Males","6.2",""
"2019","Ireland","Elementary occupations","Total","Females","4.8",""
"2019","Ireland","Armed forces","Total","Males","0.3",""
"2019","Ireland","Armed forces","Total","Females","0.0","n"
"2019","Greece","Legislators, senior officials and managers","Total","Males","2.3",""
"2019","Greece","Legislators, senior officials and managers","Total","Females","1.1",""
"2019","Greece","Professionals","Total","Males","6.6",""
"2019","Greece","Professionals","Total","Females","8.3",""
"2019","Greece","Technicians and associate professionals","Total","Males","3.1",""
"2019","Greece","Technicians and associate professionals","Total","Females","3.3",""
"2019","Greece","Clerks","Total","Males","4.8",""
"2019","Greece","Clerks","Total","Females","6.3",""
"2019","Greece","Service workers and shop and market sales workers","Total","Males","8.8",""
"2019","Greece","Service workers and shop and market sales workers","Total","Females","11.8",""
"2019","Greece","Skilled agricultural and fishery workers","Total","Males","7.0",""
"2019","Greece","Skilled agricultural and fishery workers","Total","Females","8.1",""
"2019","Greece","Craft and related trades workers","Total","Males","10.4",""
"2019","Greece","Craft and related trades workers","Total","Females","1.7",""
"2019","Greece","Plant and machine operators and assemblers","Total","Males","5.7",""
"2019","Greece","Plant and machine operators and assemblers","Total","Females","0.7",""
"2019","Greece","Elementary occupations","Total","Males","3.1",""
"2019","Greece","Elementary occupations","Total","Females","5.2",""
"2019","Greece","Armed forces","Total","Males","1.5",""
"2019","Greece","Armed forces","Total","Females","0.2",""
"2019","Spain","Legislators, senior officials and managers","Total","Males","2.3",""
"2019","Spain","Legislators, senior officials and managers","Total","Females","0.9",""
"2019","Spain","Professionals","Total","Males","5.7",""
"2019","Spain","Professionals","Total","Females","7.5",""
"2019","Spain","Technicians and associate professionals","Total","Males","6.1",""
"2019","Spain","Technicians and associate professionals","Total","Females","4.6",""
"2019","Spain","Clerks","Total","Males","3.3",""
"2019","Spain","Clerks","Total","Females","7.5",""
"2019","Spain","Service workers and shop and market sales workers","Total","Males","7.4",""
"2019","Spain","Service workers and shop and market sales workers","Total","Females","12.4",""
"2019","Spain","Skilled agricultural and fishery workers","Total","Males","2.5",""
"2019","Spain","Skilled agricultural and fishery workers","Total","Females","1.1",""
"2019","Spain","Craft and related trades workers","Total","Males","10.9",""
"2019","Spain","Craft and related trades workers","Total","Females","2.7",""
"2019","Spain","Plant and machine operators and assemblers","Total","Males","6.7",""
"2019","Spain","Plant and machine operators and assemblers","Total","Females","1.6",""
"2019","Spain","Elementary occupations","Total","Males","6.5",""
"2019","Spain","Elementary occupations","Total","Females","10.0",""
"2019","Spain","Armed forces","Total","Males","0.4",""
"2019","Spain","Armed forces","Total","Females","0.0","n"
"2019","France","Legislators, senior officials and managers","Total","Males","3.4",""
"2019","France","Legislators, senior officials and managers","Total","Females","1.8",""
"2019","France","Professionals","Total","Males","8.0",""
"2019","France","Professionals","Total","Females","9.0",""
"2019","France","Technicians and associate professionals","Total","Males","8.9",""
"2019","France","Technicians and associate professionals","Total","Females","9.1",""
"2019","France","Clerks","Total","Males","1.7",""
"2019","France","Clerks","Total","Females","7.2",""
"2019","France","Service workers and shop and market sales workers","Total","Males","5.2",""
"2019","France","Service workers and shop and market sales workers","Total","Females","11.9",""
"2019","France","Skilled agricultural and fishery workers","Total","Males","2.6",""
"2019","France","Skilled agricultural and fishery workers","Total","Females","1.3",""
"2019","France","Craft and related trades workers","Total","Males","8.1",""
"2019","France","Craft and related trades workers","Total","Females","1.1",""
"2019","France","Plant and machine operators and assemblers","Total","Males","6.9",""
"2019","France","Plant and machine operators and assemblers","Total","Females","2.7",""
"2019","France","Elementary occupations","Total","Males","2.9",""
"2019","France","Elementary occupations","Total","Females","7.7",""
"2019","France","Armed forces","Total","Males","0.5",""
"2019","France","Armed forces","Total","Females","0.2",""
"2019","Croatia","Legislators, senior officials and managers","Total","Males","3.4",""
"2019","Croatia","Legislators, senior officials and managers","Total","Females","1.4",""
"2019","Croatia","Professionals","Total","Males","4.0",""
"2019","Croatia","Professionals","Total","Females","8.9",""
"2019","Croatia","Technicians and associate professionals","Total","Males","7.6",""
"2019","Croatia","Technicians and associate professionals","Total","Females","5.6",""
"2019","Croatia","Clerks","Total","Males","2.9",""
"2019","Croatia","Clerks","Total","Females","6.0",""
"2019","Croatia","Service workers and shop and market sales workers","Total","Males","6.9",""
"2019","Croatia","Service workers and shop and market sales workers","Total","Females","12.8",""
"2019","Croatia","Skilled agricultural and fishery workers","Total","Males","1.8",""
"2019","Croatia","Skilled agricultural and fishery workers","Total","Females","1.1",""
"2019","Croatia","Craft and related trades workers","Total","Males","9.7",""
"2019","Croatia","Craft and related trades workers","Total","Females","3.3",""
"2019","Croatia","Plant and machine operators and assemblers","Total","Males","6.2",""
"2019","Croatia","Plant and machine operators and assemblers","Total","Females","1.1",""
"2019","Croatia","Elementary occupations","Total","Males","6.6",""
"2019","Croatia","Elementary occupations","Total","Females","8.9",""
"2019","Croatia","Armed forces","Total","Males","1.7",""
"2019","Croatia","Armed forces","Total","Females","0.1",""
"2019","Italy","Legislators, senior officials and managers","Total","Males","2.7",""
"2019","Italy","Legislators, senior officials and managers","Total","Females","1.3",""
"2019","Italy","Professionals","Total","Males","6.1",""
"2019","Italy","Professionals","Total","Females","8.2",""
"2019","Italy","Technicians and associate professionals","Total","Males","7.9",""
"2019","Italy","Technicians and associate professionals","Total","Females","6.6",""
"2019","Italy","Clerks","Total","Males","4.5",""
"2019","Italy","Clerks","Total","Females","6.5",""
"2019","Italy","Service workers and shop and market sales workers","Total","Males","6.0",""
"2019","Italy","Service workers and shop and market sales workers","Total","Females","9.9",""
"2019","Italy","Skilled agricultural and fishery workers","Total","Males","1.6",""
"2019","Italy","Skilled agricultural and fishery workers","Total","Females","1.1",""
"2019","Italy","Craft and related trades workers","Total","Males","10.5",""
"2019","Italy","Craft and related trades workers","Total","Females","4.2",""
"2019","Italy","Plant and machine operators and assemblers","Total","Males","5.6",""
"2019","Italy","Plant and machine operators and assemblers","Total","Females","3.1",""
"2019","Italy","Elementary occupations","Total","Males","6.6",""
"2019","Italy","Elementary occupations","Total","Females","6.9",""
"2019","Italy","Armed forces","Total","Males","0.9",""
"2019","Italy","Armed forces","Total","Females","0.0","n"
"2019","Cyprus","Legislators, senior officials and managers","Total","Males","2.1",""
"2019","Cyprus","Legislators, senior officials and managers","Total","Females","0.5",""
"2019","Cyprus","Professionals","Total","Males","7.7",""
"2019","Cyprus","Professionals","Total","Females","9.1",""
"2019","Cyprus","Technicians and associate professionals","Total","Males","6.2",""
"2019","Cyprus","Technicians and associate professionals","Total","Females","5.2",""
"2019","Cyprus","Clerks","Total","Males","2.7",""
"2019","Cyprus","Clerks","Total","Females","8.4",""
"2019","Cyprus","Service workers and shop and market sales workers","Total","Males","8.0",""
"2019","Cyprus","Service workers and shop and market sales workers","Total","Females","12.7",""
"2019","Cyprus","Skilled agricultural and fishery workers","Total","Males","1.3",""
"2019","Cyprus","Skilled agricultural and fishery workers","Total","Females","0.1",""
"2019","Cyprus","Craft and related trades workers","Total","Males","10.9",""
"2019","Cyprus","Craft and related trades workers","Total","Females","1.2",""
"2019","Cyprus","Plant and machine operators and assemblers","Total","Males","4.6",""
"2019","Cyprus","Plant and machine operators and assemblers","Total","Females","2.1",""
"2019","Cyprus","Elementary occupations","Total","Males","4.7",""
"2019","Cyprus","Elementary occupations","Total","Females","10.7",""
"2019","Cyprus","Armed forces","Total","Males","1.6",""
"2019","Cyprus","Armed forces","Total","Females","0.1",""
"2019","Latvia","Legislators, senior officials and managers","Total","Males","4.1",""
"2019","Latvia","Legislators, senior officials and managers","Total","Females","4.0",""
"2019","Latvia","Professionals","Total","Males","5.7",""
"2019","Latvia","Professionals","Total","Females","12.4",""
"2019","Latvia","Technicians and associate professionals","Total","Males","4.5",""
"2019","Latvia","Technicians and associate professionals","Total","Females","7.6",""
"2019","Latvia","Clerks","Total","Males","1.2",""
"2019","Latvia","Clerks","Total","Females","4.6",""
"2019","Latvia","Service workers and shop and market sales workers","Total","Males","3.3",""
"2019","Latvia","Service workers and shop and market sales workers","Total","Females","12.2",""
"2019","Latvia","Skilled agricultural and fishery workers","Total","Males","1.6",""
"2019","Latvia","Skilled agricultural and fishery workers","Total","Females","1.6",""
"2019","Latvia","Craft and related trades workers","Total","Males","9.9",""
"2019","Latvia","Craft and related trades workers","Total","Females","3.4",""
"2019","Latvia","Plant and machine operators and assemblers","Total","Males","8.1",""
"2019","Latvia","Plant and machine operators and assemblers","Total","Females","1.1",""
"2019","Latvia","Elementary occupations","Total","Males","5.3",""
"2019","Latvia","Elementary occupations","Total","Females","9.0",""
"2019","Latvia","Armed forces","Total","Males","0.3",""
"2019","Latvia","Armed forces","Total","Females","0.1",""
"2019","Lithuania","Legislators, senior officials and managers","Total","Males","4.8",""
"2019","Lithuania","Legislators, senior officials and managers","Total","Females","3.3",""
"2019","Lithuania","Professionals","Total","Males","6.4",""
"2019","Lithuania","Professionals","Total","Females","15.9",""
"2019","Lithuania","Technicians and associate professionals","Total","Males","3.1",""
"2019","Lithuania","Technicians and associate professionals","Total","Females","4.3",""
"2019","Lithuania","Clerks","Total","Males","1.2",""
"2019","Lithuania","Clerks","Total","Females","3.3",""
"2019","Lithuania","Service workers and shop and market sales workers","Total","Males","2.9",""
"2019","Lithuania","Service workers and shop and market sales workers","Total","Females","10.0",""
"2019","Lithuania","Skilled agricultural and fishery workers","Total","Males","1.8",""
"2019","Lithuania","Skilled agricultural and fishery workers","Total","Females","2.0",""
"2019","Lithuania","Craft and related trades workers","Total","Males","9.8",""
"2019","Lithuania","Craft and related trades workers","Total","Females","5.2",""
"2019","Lithuania","Plant and machine operators and assemblers","Total","Males","8.9",""
"2019","Lithuania","Plant and machine operators and assemblers","Total","Females","1.7",""
"2019","Lithuania","Elementary occupations","Total","Males","5.9",""
"2019","Lithuania","Elementary occupations","Total","Females","9.5",""
"2019","Lithuania","Armed forces","Total","Males","0.1",""
"2019","Lithuania","Armed forces","Total","Females","0.0",""
"2019","Luxembourg","Legislators, senior officials and managers","Total","Males","2.7",""
"2019","Luxembourg","Legislators, senior officials and managers","Total","Females","1.3",""
"2019","Luxembourg","Professionals","Total","Males","14.6",""
"2019","Luxembourg","Professionals","Total","Females","12.2",""
"2019","Luxembourg","Technicians and associate professionals","Total","Males","10.2",""
"2019","Luxembourg","Technicians and associate professionals","Total","Females","12.5",""
"2019","Luxembourg","Clerks","Total","Males","3.8",""
"2019","Luxembourg","Clerks","Total","Females","5.8",""
"2019","Luxembourg","Service workers and shop and market sales workers","Total","Males","4.6",""
"2019","Luxembourg","Service workers and shop and market sales workers","Total","Females","6.9",""
"2019","Luxembourg","Skilled agricultural and fishery workers","Total","Males","1.0",""
"2019","Luxembourg","Skilled agricultural and fishery workers","Total","Females","0.3",""
"2019","Luxembourg","Craft and related trades workers","Total","Males","7.0",""
"2019","Luxembourg","Craft and related trades workers","Total","Females","0.6",""
"2019","Luxembourg","Plant and machine operators and assemblers","Total","Males","4.6",""
"2019","Luxembourg","Plant and machine operators and assemblers","Total","Females","0.3",""
"2019","Luxembourg","Elementary occupations","Total","Males","3.3",""
"2019","Luxembourg","Elementary occupations","Total","Females","8.0",""
"2019","Luxembourg","Armed forces","Total","Males","0.3",""
"2019","Luxembourg","Armed forces","Total","Females","0.0","n"
"2019","Hungary","Legislators, senior officials and managers","Total","Males","1.8",""
"2019","Hungary","Legislators, senior officials and managers","Total","Females","1.4",""
"2019","Hungary","Professionals","Total","Males","5.8",""
"2019","Hungary","Professionals","Total","Females","8.5",""
"2019","Hungary","Technicians and associate professionals","Total","Males","4.5",""
"2019","Hungary","Technicians and associate professionals","Total","Females","8.9",""
"2019","Hungary","Clerks","Total","Males","1.9",""
"2019","Hungary","Clerks","Total","Females","7.1",""
"2019","Hungary","Service workers and shop and market sales workers","Total","Males","5.1",""
"2019","Hungary","Service workers and shop and market sales workers","Total","Females","8.5",""
"2019","Hungary","Skilled agricultural and fishery workers","Total","Males","2.6",""
"2019","Hungary","Skilled agricultural and fishery workers","Total","Females","1.9",""
"2019","Hungary","Craft and related trades workers","Total","Males","12.6",""
"2019","Hungary","Craft and related trades workers","Total","Females","2.6",""
"2019","Hungary","Plant and machine operators and assemblers","Total","Males","8.8",""
"2019","Hungary","Plant and machine operators and assemblers","Total","Females","5.5",""
"2019","Hungary","Elementary occupations","Total","Males","3.9",""
"2019","Hungary","Elementary occupations","Total","Females","8.2",""
"2019","Hungary","Armed forces","Total","Males","0.3",""
"2019","Hungary","Armed forces","Total","Females","0.1",""
"2019","Malta","Legislators, senior officials and managers","Total","Males","6.4",""
"2019","Malta","Legislators, senior officials and managers","Total","Females","3.0",""
"2019","Malta","Professionals","Total","Males","7.3",""
"2019","Malta","Professionals","Total","Females","8.5",""
"2019","Malta","Technicians and associate professionals","Total","Males","8.3",""
"2019","Malta","Technicians and associate professionals","Total","Females","4.3",""
"2019","Malta","Clerks","Total","Males","3.9",""
"2019","Malta","Clerks","Total","Females","7.1",""
"2019","Malta","Service workers and shop and market sales workers","Total","Males","7.3",""
"2019","Malta","Service workers and shop and market sales workers","Total","Females","10.2",""
"2019","Malta","Skilled agricultural and fishery workers","Total","Males","1.3",""
"2019","Malta","Skilled agricultural and fishery workers","Total","Females","0.1",""
"2019","Malta","Craft and related trades workers","Total","Males","9.5",""
"2019","Malta","Craft and related trades workers","Total","Females","1.7",""
"2019","Malta","Plant and machine operators and assemblers","Total","Males","4.8",""
"2019","Malta","Plant and machine operators and assemblers","Total","Females","5.6",""
"2019","Malta","Elementary occupations","Total","Males","5.2",""
"2019","Malta","Elementary occupations","Total","Females","4.6",""
"2019","Malta","Armed forces","Total","Males","0.9",""
"2019","Malta","Armed forces","Total","Females","0.1",""
"2019","Netherlands","Legislators, senior officials and managers","Total","Males","3.6",""
"2019","Netherlands","Legislators, senior officials and managers","Total","Females","1.4",""
"2019","Netherlands","Professionals","Total","Males","14.4",""
"2019","Netherlands","Professionals","Total","Females","13.2",""
"2019","Netherlands","Technicians and associate professionals","Total","Males","7.8",""
"2019","Netherlands","Technicians and associate professionals","Total","Females","8.8",""
"2019","Netherlands","Clerks","Total","Males","3.9",""
"2019","Netherlands","Clerks","Total","Females","7.9",""
"2019","Netherlands","Service workers and shop and market sales workers","Total","Males","5.4",""
"2019","Netherlands","Service workers and shop and market sales workers","Total","Females","13.0",""
"2019","Netherlands","Skilled agricultural and fishery workers","Total","Males","1.3",""
"2019","Netherlands","Skilled agricultural and fishery workers","Total","Females","0.3",""
"2019","Netherlands","Craft and related trades workers","Total","Males","6.4",""
"2019","Netherlands","Craft and related trades workers","Total","Females","1.0",""
"2019","Netherlands","Plant and machine operators and assemblers","Total","Males","3.3",""
"2019","Netherlands","Plant and machine operators and assemblers","Total","Females","0.6",""
"2019","Netherlands","Elementary occupations","Total","Males","3.1",""
"2019","Netherlands","Elementary occupations","Total","Females","4.2",""
"2019","Netherlands","Armed forces","Total","Males","0.3",""
"2019","Netherlands","Armed forces","Total","Females","0.0","n"
"2019","Austria","Legislators, senior officials and managers","Total","Males","3.7",""
"2019","Austria","Legislators, senior officials and managers","Total","Females","1.9",""
"2019","Austria","Professionals","Total","Males","7.9",""
"2019","Austria","Professionals","Total","Females","9.5",""
"2019","Austria","Technicians and associate professionals","Total","Males","8.8",""
"2019","Austria","Technicians and associate professionals","Total","Females","7.0",""
"2019","Austria","Clerks","Total","Males","3.0",""
"2019","Austria","Clerks","Total","Females","6.5",""
"2019","Austria","Service workers and shop and market sales workers","Total","Males","5.1",""
"2019","Austria","Service workers and shop and market sales workers","Total","Females","12.6",""
"2019","Austria","Skilled agricultural and fishery workers","Total","Males","2.4",""
"2019","Austria","Skilled agricultural and fishery workers","Total","Females","2.6",""
"2019","Austria","Craft and related trades workers","Total","Males","10.9",""
"2019","Austria","Craft and related trades workers","Total","Females","1.7",""
"2019","Austria","Plant and machine operators and assemblers","Total","Males","4.9",""
"2019","Austria","Plant and machine operators and assemblers","Total","Females","1.2",""
"2019","Austria","Elementary occupations","Total","Males","3.1",""
"2019","Austria","Elementary occupations","Total","Females","7.0",""
"2019","Austria","Armed forces","Total","Males","0.3",""
"2019","Austria","Armed forces","Total","Females","0.0",""
"2019","Poland","Legislators, senior officials and managers","Total","Males","2.9",""
"2019","Poland","Legislators, senior officials and managers","Total","Females","2.7",""
"2019","Poland","Professionals","Total","Males","5.1",""
"2019","Poland","Professionals","Total","Females","10.4",""
"2019","Poland","Technicians and associate professionals","Total","Males","4.2",""
"2019","Poland","Technicians and associate professionals","Total","Females","6.4",""
"2019","Poland","Clerks","Total","Males","2.0",""
"2019","Poland","Clerks","Total","Females","5.3",""
"2019","Poland","Service workers and shop and market sales workers","Total","Males","3.1",""
"2019","Poland","Service workers and shop and market sales workers","Total","Females","10.9",""
"2019","Poland","Skilled agricultural and fishery workers","Total","Males","5.0",""
"2019","Poland","Skilled agricultural and fishery workers","Total","Females","6.6",""
"2019","Poland","Craft and related trades workers","Total","Males","11.7",""
"2019","Poland","Craft and related trades workers","Total","Females","3.7",""
"2019","Poland","Plant and machine operators and assemblers","Total","Males","7.9",""
"2019","Poland","Plant and machine operators and assemblers","Total","Females","2.2",""
"2019","Poland","Elementary occupations","Total","Males","2.7",""
"2019","Poland","Elementary occupations","Total","Females","6.5",""
"2019","Poland","Armed forces","Total","Males","0.7",""
"2019","Poland","Armed forces","Total","Females","0.1",""
"2019","Portugal","Legislators, senior officials and managers","Total","Males","3.3",""
"2019","Portugal","Legislators, senior officials and managers","Total","Females","1.9",""
"2019","Portugal","Professionals","Total","Males","5.6",""
"2019","Portugal","Professionals","Total","Females","8.8",""
"2019","Portugal","Technicians and associate professionals","Total","Males","5.5",""
"2019","Portugal","Technicians and associate professionals","Total","Females","4.4",""
"2019","Portugal","Clerks","Total","Males","2.8",""
"2019","Portugal","Clerks","Total","Females","4.8",""
"2019","Portugal","Service workers and shop and market sales workers","Total","Males","5.8",""
"2019","Portugal","Service workers and shop and market sales workers","Total","Females","12.0",""
"2019","Portugal","Skilled agricultural and fishery workers","Total","Males","2.3",""
"2019","Portugal","Skilled agricultural and fishery workers","Total","Females","3.0",""
"2019","Portugal","Craft and related trades workers","Total","Males","11.4",""
"2019","Portugal","Craft and related trades workers","Total","Females","3.8",""
"2019","Portugal","Plant and machine operators and assemblers","Total","Males","6.5",""
"2019","Portugal","Plant and machine operators and assemblers","Total","Females","3.7",""
"2019","Portugal","Elementary occupations","Total","Males","3.5",""
"2019","Portugal","Elementary occupations","Total","Females","10.3",""
"2019","Portugal","Armed forces","Total","Males","0.6",""
"2019","Portugal","Armed forces","Total","Females","0.1",""
"2019","Romania","Legislators, senior officials and managers","Total","Males","1.0",""
"2019","Romania","Legislators, senior officials and managers","Total","Females","0.4",""
"2019","Romania","Professionals","Total","Males","5.9",""
"2019","Romania","Professionals","Total","Females","7.7",""
"2019","Romania","Technicians and associate professionals","Total","Males","3.3",""
"2019","Romania","Technicians and associate professionals","Total","Females","3.1",""
"2019","Romania","Clerks","Total","Males","0.9",""
"2019","Romania","Clerks","Total","Females","2.5",""
"2019","Romania","Service workers and shop and market sales workers","Total","Males","4.5",""
"2019","Romania","Service workers and shop and market sales workers","Total","Females","10.3",""
"2019","Romania","Skilled agricultural and fishery workers","Total","Males","7.2",""
"2019","Romania","Skilled agricultural and fishery workers","Total","Females","8.0",""
"2019","Romania","Craft and related trades workers","Total","Males","14.6",""
"2019","Romania","Craft and related trades workers","Total","Females","6.5",""
"2019","Romania","Plant and machine operators and assemblers","Total","Males","9.2",""
"2019","Romania","Plant and machine operators and assemblers","Total","Females","3.4",""
"2019","Romania","Elementary occupations","Total","Males","5.2",""
"2019","Romania","Elementary occupations","Total","Females","5.6",""
"2019","Romania","Armed forces","Total","Males","0.7",""
"2019","Romania","Armed forces","Total","Females","0.2",""
"2019","Slovenia","Legislators, senior officials and managers","Total","Males","3.8",""
"2019","Slovenia","Legislators, senior officials and managers","Total","Females","2.1",""
"2019","Slovenia","Professionals","Total","Males","7.4",""
"2019","Slovenia","Professionals","Total","Females","12.2",""
"2019","Slovenia","Technicians and associate professionals","Total","Males","6.8",""
"2019","Slovenia","Technicians and associate professionals","Total","Females","7.9",""
"2019","Slovenia","Clerks","Total","Males","2.9",""
"2019","Slovenia","Clerks","Total","Females","5.7",""
"2019","Slovenia","Service workers and shop and market sales workers","Total","Males","4.7",""
"2019","Slovenia","Service workers and shop and market sales workers","Total","Females","8.4",""
"2019","Slovenia","Skilled agricultural and fishery workers","Total","Males","1.6",""
"2019","Slovenia","Skilled agricultural and fishery workers","Total","Females","1.0",""
"2019","Slovenia","Craft and related trades workers","Total","Males","12.2",""
"2019","Slovenia","Craft and related trades workers","Total","Females","2.7",""
"2019","Slovenia","Plant and machine operators and assemblers","Total","Males","7.0",""
"2019","Slovenia","Plant and machine operators and assemblers","Total","Females","4.5",""
"2019","Slovenia","Elementary occupations","Total","Males","3.1",""
"2019","Slovenia","Elementary occupations","Total","Females","5.5",""
"2019","Slovenia","Armed forces","Total","Males","0.4",""
"2019","Slovenia","Armed forces","Total","Females","0.1",""
"2019","Slovakia","Legislators, senior officials and managers","Total","Males","2.3",""
"2019","Slovakia","Legislators, senior officials and managers","Total","Females","1.7",""
"2019","Slovakia","Professionals","Total","Males","5.1",""
"2019","Slovakia","Professionals","Total","Females","8.2",""
"2019","Slovakia","Technicians and associate professionals","Total","Males","6.6",""
"2019","Slovakia","Technicians and associate professionals","Total","Females","7.5",""
"2019","Slovakia","Clerks","Total","Males","2.5",""
"2019","Slovakia","Clerks","Total","Females","6.6",""
"2019","Slovakia","Service workers and shop and market sales workers","Total","Males","6.0",""
"2019","Slovakia","Service workers and shop and market sales workers","Total","Females","11.9",""
"2019","Slovakia","Skilled agricultural and fishery workers","Total","Males","0.9",""
"2019","Slovakia","Skilled agricultural and fishery workers","Total","Females","0.9",""
"2019","Slovakia","Craft and related trades workers","Total","Males","11.8",""
"2019","Slovakia","Craft and related trades workers","Total","Females","3.7",""
"2019","Slovakia","Plant and machine operators and assemblers","Total","Males","8.8",""
"2019","Slovakia","Plant and machine operators and assemblers","Total","Females","5.0",""
"2019","Slovakia","Elementary occupations","Total","Males","4.1",""
"2019","Slovakia","Elementary occupations","Total","Females","5.9",""
"2019","Slovakia","Armed forces","Total","Males","0.4",""
"2019","Slovakia","Armed forces","Total","Females","0.0","n"
"2019","Finland","Legislators, senior officials and managers","Total","Males","2.0",""
"2019","Finland","Legislators, senior officials and managers","Total","Females","1.0",""
"2019","Finland","Professionals","Total","Males","10.3",""
"2019","Finland","Professionals","Total","Females","9.6",""
"2019","Finland","Technicians and associate professionals","Total","Males","6.6",""
"2019","Finland","Technicians and associate professionals","Total","Females","9.5",""
"2019","Finland","Clerks","Total","Males","1.3",""
"2019","Finland","Clerks","Total","Females","5.9",""
"2019","Finland","Service workers and shop and market sales workers","Total","Males","5.5",""
"2019","Finland","Service workers and shop and market sales workers","Total","Females","15.2",""
"2019","Finland","Skilled agricultural and fishery workers","Total","Males","3.2",""
"2019","Finland","Skilled agricultural and fishery workers","Total","Females","2.2",""
"2019","Finland","Craft and related trades workers","Total","Males","10.5",""
"2019","Finland","Craft and related trades workers","Total","Females","1.3",""
"2019","Finland","Plant and machine operators and assemblers","Total","Males","6.5",""
"2019","Finland","Plant and machine operators and assemblers","Total","Females","1.9",""
"2019","Finland","Elementary occupations","Total","Males","2.6",""
"2019","Finland","Elementary occupations","Total","Females","4.7",""
"2019","Finland","Armed forces","Total","Males","0.3",""
"2019","Finland","Armed forces","Total","Females","0.0","n"
"2019","Sweden","Legislators, senior officials and managers","Total","Males","2.8",""
"2019","Sweden","Legislators, senior officials and managers","Total","Females","2.1",""
"2019","Sweden","Professionals","Total","Males","10.2",""
"2019","Sweden","Professionals","Total","Females","13.9",""
"2019","Sweden","Technicians and associate professionals","Total","Males","9.4",""
"2019","Sweden","Technicians and associate professionals","Total","Females","7.5",""
"2019","Sweden","Clerks","Total","Males","2.5",""
"2019","Sweden","Clerks","Total","Females","5.6",""
"2019","Sweden","Service workers and shop and market sales workers","Total","Males","6.3",""
"2019","Sweden","Service workers and shop and market sales workers","Total","Females","14.4",""
"2019","Sweden","Skilled agricultural and fishery workers","Total","Males","1.5",""
"2019","Sweden","Skilled agricultural and fishery workers","Total","Females","0.7",""
"2019","Sweden","Craft and related trades workers","Total","Males","10.2",""
"2019","Sweden","Craft and related trades workers","Total","Females","1.0",""
"2019","Sweden","Plant and machine operators and assemblers","Total","Males","5.2",""
"2019","Sweden","Plant and machine operators and assemblers","Total","Females","1.4",""
"2019","Sweden","Elementary occupations","Total","Males","2.1",""
"2019","Sweden","Elementary occupations","Total","Females","3.0",""
"2019","Sweden","Armed forces","Total","Males","0.2",""
"2019","Sweden","Armed forces","Total","Females","0.0","n"
"2019","United Kingdom","Legislators, senior officials and managers","Total","Males",":",""
"2019","United Kingdom","Legislators, senior officials and managers","Total","Females",":",""
"2019","United Kingdom","Professionals","Total","Males",":",""
"2019","United Kingdom","Professionals","Total","Females",":",""
"2019","United Kingdom","Technicians and associate professionals","Total","Males",":",""
"2019","United Kingdom","Technicians and associate professionals","Total","Females",":",""
"2019","United Kingdom","Clerks","Total","Males",":",""
"2019","United Kingdom","Clerks","Total","Females",":",""
"2019","United Kingdom","Service workers and shop and market sales workers","Total","Males",":",""
"2019","United Kingdom","Service workers and shop and market sales workers","Total","Females",":",""
"2019","United Kingdom","Skilled agricultural and fishery workers","Total","Males",":",""
"2019","United Kingdom","Skilled agricultural and fishery workers","Total","Females",":",""
"2019","United Kingdom","Craft and related trades workers","Total","Males",":",""
"2019","United Kingdom","Craft and related trades workers","Total","Females",":",""
"2019","United Kingdom","Plant and machine operators and assemblers","Total","Males",":",""
"2019","United Kingdom","Plant and machine operators and assemblers","Total","Females",":",""
"2019","United Kingdom","Elementary occupations","Total","Males",":",""
"2019","United Kingdom","Elementary occupations","Total","Females",":",""
"2019","United Kingdom","Armed forces","Total","Males",":",""
"2019","United Kingdom","Armed forces","Total","Females",":",""
"2019","Iceland","Legislators, senior officials and managers","Total","Males",":",""
"2019","Iceland","Legislators, senior officials and managers","Total","Females",":",""
"2019","Iceland","Professionals","Total","Males",":",""
"2019","Iceland","Professionals","Total","Females",":",""
"2019","Iceland","Technicians and associate professionals","Total","Males",":",""
"2019","Iceland","Technicians and associate professionals","Total","Females",":",""
"2019","Iceland","Clerks","Total","Males",":",""
"2019","Iceland","Clerks","Total","Females",":",""
"2019","Iceland","Service workers and shop and market sales workers","Total","Males",":",""
"2019","Iceland","Service workers and shop and market sales workers","Total","Females",":",""
"2019","Iceland","Skilled agricultural and fishery workers","Total","Males",":",""
"2019","Iceland","Skilled agricultural and fishery workers","Total","Females",":",""
"2019","Iceland","Craft and related trades workers","Total","Males",":",""
"2019","Iceland","Craft and related trades workers","Total","Females",":",""
"2019","Iceland","Plant and machine operators and assemblers","Total","Males",":",""
"2019","Iceland","Plant and machine operators and assemblers","Total","Females",":",""
"2019","Iceland","Elementary occupations","Total","Males",":",""
"2019","Iceland","Elementary occupations","Total","Females",":",""
"2019","Iceland","Armed forces","Total","Males",":",""
"2019","Iceland","Armed forces","Total","Females",":",""
"2019","Norway","Legislators, senior officials and managers","Total","Males","6.0",""
"2019","Norway","Legislators, senior officials and managers","Total","Females","2.9",""
"2019","Norway","Professionals","Total","Males","10.7",""
"2019","Norway","Professionals","Total","Females","15.8",""
"2019","Norway","Technicians and associate professionals","Total","Males","7.6",""
"2019","Norway","Technicians and associate professionals","Total","Females","6.4",""
"2019","Norway","Clerks","Total","Males","2.5",""
"2019","Norway","Clerks","Total","Females","4.6",""
"2019","Norway","Service workers and shop and market sales workers","Total","Males","6.4",""
"2019","Norway","Service workers and shop and market sales workers","Total","Females","15.7",""
"2019","Norway","Skilled agricultural and fishery workers","Total","Males","1.9",""
"2019","Norway","Skilled agricultural and fishery workers","Total","Females","0.5",""
"2019","Norway","Craft and related trades workers","Total","Males","8.7",""
"2019","Norway","Craft and related trades workers","Total","Females","0.9",""
"2019","Norway","Plant and machine operators and assemblers","Total","Males","4.8",""
"2019","Norway","Plant and machine operators and assemblers","Total","Females","1.0",""
"2019","Norway","Elementary occupations","Total","Males","1.1",""
"2019","Norway","Elementary occupations","Total","Females","2.1",""
"2019","Norway","Armed forces","Total","Males","0.3",""
"2019","Norway","Armed forces","Total","Females","0.2",""
"2019","Switzerland","Legislators, senior officials and managers","Total","Males","6.1",""
"2019","Switzerland","Legislators, senior officials and managers","Total","Females","2.8",""
"2019","Switzerland","Professionals","Total","Males","12.9",""
"2019","Switzerland","Professionals","Total","Females","13.3",""
"2019","Switzerland","Technicians and associate professionals","Total","Males","9.1",""
"2019","Switzerland","Technicians and associate professionals","Total","Females","7.9",""
"2019","Switzerland","Clerks","Total","Males","4.7",""
"2019","Switzerland","Clerks","Total","Females","9.5",""
"2019","Switzerland","Service workers and shop and market sales workers","Total","Males","4.2",""
"2019","Switzerland","Service workers and shop and market sales workers","Total","Females","10.2",""
"2019","Switzerland","Skilled agricultural and fishery workers","Total","Males","1.5",""
"2019","Switzerland","Skilled agricultural and fishery workers","Total","Females","0.8",""
"2019","Switzerland","Craft and related trades workers","Total","Males","6.6",""
"2019","Switzerland","Craft and related trades workers","Total","Females","1.7",""
"2019","Switzerland","Plant and machine operators and assemblers","Total","Males","2.9",""
"2019","Switzerland","Plant and machine operators and assemblers","Total","Females","0.7",""
"2019","Switzerland","Elementary occupations","Total","Males","2.0",""
"2019","Switzerland","Elementary occupations","Total","Females","3.0",""
"2019","Switzerland","Armed forces","Total","Males","0.1",""
"2019","Switzerland","Armed forces","Total","Females","0.0",""
"2019","Montenegro","Legislators, senior officials and managers","Total","Males","2.3",""
"2019","Montenegro","Legislators, senior officials and managers","Total","Females","0.7",""
"2019","Montenegro","Professionals","Total","Males","5.3",""
"2019","Montenegro","Professionals","Total","Females","7.2",""
"2019","Montenegro","Technicians and associate professionals","Total","Males","8.5",""
"2019","Montenegro","Technicians and associate professionals","Total","Females","8.2",""
"2019","Montenegro","Clerks","Total","Males","3.4",""
"2019","Montenegro","Clerks","Total","Females","5.1",""
"2019","Montenegro","Service workers and shop and market sales workers","Total","Males","9.8",""
"2019","Montenegro","Service workers and shop and market sales workers","Total","Females","14.9",""
"2019","Montenegro","Skilled agricultural and fishery workers","Total","Males","1.8",""
"2019","Montenegro","Skilled agricultural and fishery workers","Total","Females","1.1",""
"2019","Montenegro","Craft and related trades workers","Total","Males","8.4",""
"2019","Montenegro","Craft and related trades workers","Total","Females","1.9",""
"2019","Montenegro","Plant and machine operators and assemblers","Total","Males","10.4",""
"2019","Montenegro","Plant and machine operators and assemblers","Total","Females","1.4",""
"2019","Montenegro","Elementary occupations","Total","Males","3.4",""
"2019","Montenegro","Elementary occupations","Total","Females","5.0",""
"2019","Montenegro","Armed forces","Total","Males","1.0",""
"2019","Montenegro","Armed forces","Total","Females","0.0","n"
"2019","North Macedonia","Legislators, senior officials and managers","Total","Males","1.6",""
"2019","North Macedonia","Legislators, senior officials and managers","Total","Females","0.7",""
"2019","North Macedonia","Professionals","Total","Males","6.0",""
"2019","North Macedonia","Professionals","Total","Females","6.8",""
"2019","North Macedonia","Technicians and associate professionals","Total","Males","5.7",""
"2019","North Macedonia","Technicians and associate professionals","Total","Females","5.1",""
"2019","North Macedonia","Clerks","Total","Males","2.5",""
"2019","North Macedonia","Clerks","Total","Females","3.2",""
"2019","North Macedonia","Service workers and shop and market sales workers","Total","Males","9.8",""
"2019","North Macedonia","Service workers and shop and market sales workers","Total","Females","7.8",""
"2019","North Macedonia","Skilled agricultural and fishery workers","Total","Males","3.8",""
"2019","North Macedonia","Skilled agricultural and fishery workers","Total","Females","2.0",""
"2019","North Macedonia","Craft and related trades workers","Total","Males","14.5",""
"2019","North Macedonia","Craft and related trades workers","Total","Females","4.8",""
"2019","North Macedonia","Plant and machine operators and assemblers","Total","Males","8.0",""
"2019","North Macedonia","Plant and machine operators and assemblers","Total","Females","4.9",""
"2019","North Macedonia","Elementary occupations","Total","Males","6.7",""
"2019","North Macedonia","Elementary occupations","Total","Females","5.2",""
"2019","North Macedonia","Armed forces","Total","Males","0.8",""
"2019","North Macedonia","Armed forces","Total","Females","0.1",""
"2019","Serbia","Legislators, senior officials and managers","Total","Males","3.2",""
"2019","Serbia","Legislators, senior officials and managers","Total","Females","1.6",""
"2019","Serbia","Professionals","Total","Males","4.1",""
"2019","Serbia","Professionals","Total","Females","7.0",""
"2019","Serbia","Technicians and associate professionals","Total","Males","3.4",""
"2019","Serbia","Technicians and associate professionals","Total","Females","5.1",""
"2019","Serbia","Clerks","Total","Males","3.2",""
"2019","Serbia","Clerks","Total","Females","7.2",""
"2019","Serbia","Service workers and shop and market sales workers","Total","Males","7.4",""
"2019","Serbia","Service workers and shop and market sales workers","Total","Females","9.4",""
"2019","Serbia","Skilled agricultural and fishery workers","Total","Males","3.0",""
"2019","Serbia","Skilled agricultural and fishery workers","Total","Females","2.3",""
"2019","Serbia","Craft and related trades workers","Total","Males","13.9",""
"2019","Serbia","Craft and related trades workers","Total","Females","5.9",""
"2019","Serbia","Plant and machine operators and assemblers","Total","Males","8.4",""
"2019","Serbia","Plant and machine operators and assemblers","Total","Females","1.7",""
"2019","Serbia","Elementary occupations","Total","Males","5.0",""
"2019","Serbia","Elementary occupations","Total","Females","7.5",""
"2019","Serbia","Armed forces","Total","Males","0.8",""
"2019","Serbia","Armed forces","Total","Females","0.0","n"
"2019","Turkey","Legislators, senior officials and managers","Total","Males","3.8",""
"2019","Turkey","Legislators, senior officials and managers","Total","Females","1.0",""
"2019","Turkey","Professionals","Total","Males","4.6",""
"2019","Turkey","Professionals","Total","Females","5.1",""
"2019","Turkey","Technicians and associate professionals","Total","Males","3.9",""
"2019","Turkey","Technicians and associate professionals","Total","Females","2.0",""
"2019","Turkey","Clerks","Total","Males","2.9",""
"2019","Turkey","Clerks","Total","Females","3.1",""
"2019","Turkey","Service workers and shop and market sales workers","Total","Males","10.8",""
"2019","Turkey","Service workers and shop and market sales workers","Total","Females","7.7",""
"2019","Turkey","Skilled agricultural and fishery workers","Total","Males","6.8",""
"2019","Turkey","Skilled agricultural and fishery workers","Total","Females","8.7",""
"2019","Turkey","Craft and related trades workers","Total","Males","10.0",""
"2019","Turkey","Craft and related trades workers","Total","Females","3.2",""
"2019","Turkey","Plant and machine operators and assemblers","Total","Males","7.1",""
"2019","Turkey","Plant and machine operators and assemblers","Total","Females","1.7",""
"2019","Turkey","Elementary occupations","Total","Males","6.9",""
"2019","Turkey","Elementary occupations","Total","Females","10.1",""
"2019","Turkey","Armed forces","Total","Males","0.5",""
"2019","Turkey","Armed forces","Total","Females","0.0","n"
"2019","Kosovo (under United Nations Security Council Resolution 1244/99)","Legislators, senior officials and managers","Total","Males",":",""
"2019","Kosovo (under United Nations Security Council Resolution 1244/99)","Legislators, senior officials and managers","Total","Females",":",""
"2019","Kosovo (under United Nations Security Council Resolution 1244/99)","Professionals","Total","Males",":",""
"2019","Kosovo (under United Nations Security Council Resolution 1244/99)","Professionals","Total","Females",":",""
"2019","Kosovo (under United Nations Security Council Resolution 1244/99)","Technicians and associate professionals","Total","Males",":",""
"2019","Kosovo (under United Nations Security Council Resolution 1244/99)","Technicians and associate professionals","Total","Females",":",""
"2019","Kosovo (under United Nations Security Council Resolution 1244/99)","Clerks","Total","Males",":",""
"2019","Kosovo (under United Nations Security Council Resolution 1244/99)","Clerks","Total","Females",":",""
"2019","Kosovo (under United Nations Security Council Resolution 1244/99)","Service workers and shop and market sales workers","Total","Males",":",""
"2019","Kosovo (under United Nations Security Council Resolution 1244/99)","Service workers and shop and market sales workers","Total","Females",":",""
"2019","Kosovo (under United Nations Security Council Resolution 1244/99)","Skilled agricultural and fishery workers","Total","Males",":",""
"2019","Kosovo (under United Nations Security Council Resolution 1244/99)","Skilled agricultural and fishery workers","Total","Females",":",""
"2019","Kosovo (under United Nations Security Council Resolution 1244/99)","Craft and related trades workers","Total","Males",":",""
"2019","Kosovo (under United Nations Security Council Resolution 1244/99)","Craft and related trades workers","Total","Females",":",""
"2019","Kosovo (under United Nations Security Council Resolution 1244/99)","Plant and machine operators and assemblers","Total","Males",":",""
"2019","Kosovo (under United Nations Security Council Resolution 1244/99)","Plant and machine operators and assemblers","Total","Females",":",""
"2019","Kosovo (under United Nations Security Council Resolution 1244/99)","Elementary occupations","Total","Males",":",""
"2019","Kosovo (under United Nations Security Council Resolution 1244/99)","Elementary occupations","Total","Females",":",""
"2019","Kosovo (under United Nations Security Council Resolution 1244/99)","Armed forces","Total","Males",":",""
"2019","Kosovo (under United Nations Security Council Resolution 1244/99)","Armed forces","Total","Females",":",""
